{
    "type": "ErrorGPModel",
    "num_actions": 1,
    "num_states": 2,
    "action_history_size": 1,
    "state_history_size": 1,
    "back_prop": true,
    "nongrad_params": {},
    "models": {},
    "gp_model": {
        "covar_module.raw_outputscale": [
            3.988983631134033,
            3.0967745780944824
        ],
        "covar_module.base_kernel.raw_lengthscale": [
            [
                [
                    1.1524827480316162,
                    4.7585835456848145
                ]
            ],
            [
                [
                    0.9441727995872498,
                    4.32780647277832
                ]
            ]
        ]
    },
    "gp_likelihood": {
        "raw_noise": [
            -4.672969341278076
        ]
    },
    "scaler_x": {
        "means": [
            0.5050504803657532,
            -0.03695342689752579
        ],
        "stds": [
            0.2901294231414795,
            0.7044535875320435
        ]
    },
    "scaler_y": {
        "means": [
            -0.06041185185313225,
            -0.039328787475824356
        ],
        "stds": [
            1.0445685386657715,
            1.0112204551696777
        ]
    },
    "model_input_scaled": [
        [
            -1.7059608697891235,
            1.4073177576065063
        ],
        [
            -1.6711454391479492,
            1.2191745042800903
        ],
        [
            -1.6363298892974854,
            0.9247119426727295
        ],
        [
            -1.6015143394470215,
            0.5507635474205017
        ],
        [
            -1.5666989088058472,
            0.13140617311000824
        ],
        [
            -1.5318832397460938,
            -0.29514580965042114
        ],
        [
            -1.4970676898956299,
            -0.6900215148925781
        ],
        [
            -1.4622522592544556,
            -1.017237901687622
        ],
        [
            -1.4274367094039917,
            -1.2469762563705444
        ],
        [
            -1.3926212787628174,
            -1.3583012819290161
        ],
        [
            -1.3578057289123535,
            -1.3410686254501343
        ],
        [
            -1.3229900598526,
            -1.1968481540679932
        ],
        [
            -1.2881745100021362,
            -0.9387826323509216
        ],
        [
            -1.253359079360962,
            -0.5903889536857605
        ],
        [
            -1.218543529510498,
            -0.18341422080993652
        ],
        [
            -1.1837280988693237,
            0.24505473673343658
        ],
        [
            -1.1489124298095703,
            0.6559722423553467
        ],
        [
            -1.1140968799591064,
            1.0118939876556396
        ],
        [
            -1.0792813301086426,
            1.2803850173950195
        ],
        [
            -1.0444658994674683,
            1.4369785785675049
        ],
        [
            -1.0096503496170044,
            1.4674053192138672
        ],
        [
            -0.9748348593711853,
            1.3688924312591553
        ],
        [
            -0.9400192499160767,
            1.1504167318344116
        ],
        [
            -0.9052037000656128,
            0.8318873047828674
        ],
        [
            -0.8703882694244385,
            0.44233202934265137
        ],
        [
            -0.8355726599693298,
            0.017246855422854424
        ],
        [
            -0.800757110118866,
            -0.4046284556388855
        ],
        [
            -0.7659416198730469,
            -0.78485107421875
        ],
        [
            -0.731126070022583,
            -1.088773488998413
        ],
        [
            -0.6963105201721191,
            -1.2886981964111328
        ],
        [
            -0.6614950299263,
            -1.366408109664917
        ],
        [
            -0.6266794800758362,
            -1.3148211240768433
        ],
        [
            -0.5918639302253723,
            -1.1386386156082153
        ],
        [
            -0.5570484399795532,
            -0.8539155721664429
        ],
        [
            -0.5222328901290894,
            -0.4865967035293579
        ],
        [
            -0.4874173104763031,
            -0.07015664130449295
        ],
        [
            -0.4526018500328064,
            0.357456773519516
        ],
        [
            -0.41778630018234253,
            0.75727778673172
        ],
        [
            -0.3829707205295563,
            1.092869520187378
        ],
        [
            -0.34815526008605957,
            1.3336517810821533
        ],
        [
            -0.3133396804332733,
            1.4576832056045532
        ],
        [
            -0.27852413058280945,
            1.4536607265472412
        ],
        [
            -0.24370865523815155,
            1.321951150894165
        ],
        [
            -0.2088930904865265,
            1.0745567083358765
        ],
        [
            -0.17407752573490143,
            0.7340206503868103
        ],
        [
            -0.13926206529140472,
            0.3313768208026886
        ],
        [
            -0.10444649308919907,
            -0.09668400138616562
        ],
        [
            -0.069630928337574,
            -0.511155366897583
        ],
        [
            -0.034815464168787,
            -0.8742652535438538
        ],
        [
            0.0,
            -1.1529253721237183
        ],
        [
            0.03481556847691536,
            -1.321744441986084
        ],
        [
            0.06963113695383072,
            -1.365336298942566
        ],
        [
            0.10444670170545578,
            -1.2797292470932007
        ],
        [
            0.13926227390766144,
            -1.0727243423461914
        ],
        [
            0.1740778386592865,
            -0.7631832361221313
        ],
        [
            0.20889319479465485,
            -0.3793199360370636
        ],
        [
            0.2437087595462799,
            0.04389207437634468
        ],
        [
            0.27852433919906616,
            0.46788710355758667
        ],
        [
            0.31333988904953003,
            0.8540226817131042
        ],
        [
            0.3481554687023163,
            1.1671142578125
        ],
        [
            0.38297101855278015,
            1.378631830215454
        ],
        [
            0.4177863895893097,
            1.4692975282669067
        ],
        [
            0.45260196924209595,
            1.4308524131774902
        ],
        [
            0.4874175190925598,
            1.2667973041534424
        ],
        [
            0.5222330689430237,
            0.9920840263366699
        ],
        [
            0.5570486783981323,
            0.6317456364631653
        ],
        [
            0.5918642282485962,
            0.21861597895622253
        ],
        [
            0.6266795992851257,
            -0.20965011417865753
        ],
        [
            0.6614951491355896,
            -0.6140339374542236
        ],
        [
            0.6963106989860535,
            -0.9576845169067383
        ],
        [
            0.7311263084411621,
            -1.2092820405960083
        ],
        [
            0.765941858291626,
            -1.345901370048523
        ],
        [
            0.8007572293281555,
            -1.3550931215286255
        ],
        [
            0.8355727791786194,
            -1.236019492149353
        ],
        [
            0.8703883290290833,
            -0.9995313286781311
        ],
        [
            0.9052039384841919,
            -0.6671767234802246
        ],
        [
            0.9400194883346558,
            -0.2692461311817169
        ],
        [
            0.9748350381851196,
            0.15800024569034576
        ],
        [
            1.009650468826294,
            0.5756287574768066
        ],
        [
            1.0444660186767578,
