{
    "num_states": 2,
    "num_actions": 1,
    "sampling_period": 0.01,
    "base_model": {
        "type": "BaseLinearModel",
        "num_actions": 1,
        "num_states": 2,
        "action_history_size": 1,
        "state_history_size": 1,
        "back_prop": true,
        "nongrad_params": {},
        "models": {},
        "A": [
            [
                -2.1813413695781492e-05,
                0.500019907951355
            ],
            [
                -0.4999883770942688,
                4.64968616142869e-05
            ]
        ],
        "B": [
            [
                -0.0003801646234933287
            ],
            [
                0.09499607980251312
            ]
        ]
    }
}